Market,Knowledge
French,Kiss,2019-06-24
Fresh,Face,2019-06-17
Grin,Some,2019-06-21
Mouth,Health,2019-06-19
Rest,Easy,2019-06-07
Sleep,Well,2019-06-11
Smile,More,2019-06-13
Stress,Less,2019-06-28
Sweet,Sleep,2019-06-26
Black,Sheep
Good,Night
Hocus,Pocus
Knight,Guard
Knight,Night
Love,Bit
Right,Knight
Doze,Don
Meta,Guard
Zahn,Bit

Protect your smile with a custom night guard. It's simple and easy to take a dental impression at home. Save a trip to the dentist to replace your custom night guard. Link in bio!

#customnightguard #knight #guard #sleep #bruxism #oral #health #mouth #wellness #selfcare

Photo Credit: The John Woodman Higgins Armory Collection

It's simple and easy to take a dental impression at home. Replace your custom night guard without a trip to the dentist. Protect that smile while you sleep. Link in bio!

#customnightguard #blacksheep #sleep #bruxism #oral #health #mouth #wellness #selfcare
